{"cameraMode":{"drawMode":0,"name":"Shaded","section":"Shading Mode"},"sceneLighting":true,"audioPlay":false,"sceneViewState":{"m_AlwaysRefresh":false,"showFog":true,"showSkybox":true,"showFlares":true,"showImageEffects":true,"showParticleSystems":true,"showVisualEffectGraphs":true,"m_FxEnabled":true},"in2DMode":false,"pivot":{"x":-52.81896209716797,"y":-535.1470947265625,"z":-107.82942199707031},"rotation":{"x":0.021297764033079149,"y":0.8442876935005188,"z":-0.5411182045936585,"w":-0.031227413564920427},"size":348.8705139160156,"orthographic":false}