{"cameraMode":{"drawMode":0,"name":"Shaded","section":"Shading Mode"},"sceneLighting":false,"audioPlay":false,"sceneViewState":{"m_AlwaysRefresh":false,"showFog":true,"showSkybox":false,"showFlares":true,"showImageEffects":true,"showParticleSystems":true,"showVisualEffectGraphs":true,"m_FxEnabled":true},"in2DMode":false,"pivot":{"x":0.31603503227233889,"y":-0.04922904074192047,"z":-2.4238195419311525},"rotation":{"x":-0.18488076329231263,"y":-0.011300635524094105,"z":-0.005575698334723711,"w":-0.9852644205093384},"size":5.543730735778809,"orthographic":false}