{"cameraMode":{"drawMode":0,"name":"Shaded","section":"Shading Mode"},"sceneLighting":false,"audioPlay":false,"sceneViewState":{"m_AlwaysRefresh":false,"showFog":true,"showSkybox":false,"showFlares":true,"showImageEffects":true,"showParticleSystems":true,"showVisualEffectGraphs":true,"m_FxEnabled":true},"in2DMode":false,"pivot":{"x":0.14504212141036988,"y":0.7446390390396118,"z":0.49927592277526858},"rotation":{"x":0.041499897837638858,"y":-0.0003750507312361151,"z":0.009890450164675713,"w":1.0016138553619385},"size":2.5467007160186769,"orthographic":false}